source,en,de,es,fr,it,jp
avs-audio-cd-creator/index.aspx,avs-disc-creator/index.aspx,+,+,+,+,/
avs-audio-cd-grabber/index.aspx,index.aspx,+,+,+,+,+
avs-audio-cd-to-ipod/index.aspx,index.aspx,+,+,+,+,+
avs-audio-to-ipod/index.aspx,index.aspx,+,+,+,+,+
avs-capture-wizard/index.aspx,avs-video-recorder/index.aspx,+,+,+,+,+
avs-clone-cd/index.aspx,avs-disc-creator/index.aspx,+,+,+,+,/
avs-data-burner/index.aspx,avs-disc-creator/index.aspx,+,+,+,+,/
avs-dvd-authoring/index.aspx,index.aspx,+,+,+,+,+
avs-dvd-copy/index.aspx,index.aspx,+,+,+,+,+
avs-dvd-player/index.aspx,avs-media-player/index.aspx,+,+,+,+,/
avs-dv-to-dvd/index.aspx,index.aspx,+,+,+,+,+
avs-idevice-explorer/index.aspx,index.aspx,+,+,+,+,+
avs-iradio-recorder/index.aspx,index.aspx,+,+,+,+,+
avs-mobile-uploader/index.aspx,appendix/utilities/avs-mobile-uploader/index.aspx,+,+,+,+,+
avs-mp3-disc-creator/index.aspx,avs-disc-creator/index.aspx,+,+,+,+,/
avs-music-mix/index.aspx,avs-audio-editor/index.aspx,+,+,+,+,+
avs-ringtone-maker/index.aspx,index.aspx,+,+,+,+,+
avs-slideshow-maker/index.aspx,index.aspx,+,+,+,+,+
avs-tv-box/index.aspx,index.aspx,+,+,+,+,+
avs-tv-recorder/index.aspx,index.aspx,+,+,+,+,+
avs-video-capture/index.aspx,avs-video-recorder/index.aspx,+,+,+,+,/
avs-video-converter/features/editing/applyingeffects/special/kenburns.aspx,avs-video-converter/features/editing/applyingeffects/special/panzoom.aspx,+,+,+,+,+
avs-video-converter6/index.aspx,avs-video-converter/index.aspx,+,+,+,+,+
avs-video-editor/features/editingvideos/video/addingvideoeffects/special/kenburns.aspx,avs-video-editor/features/editingvideos/video/addingvideoeffects/special/panzoom.aspx,+,+,+,+,+
avs-video-editor4/index.aspx,avs-video-editor/index.aspx,+,+,+,+,+
avs-video-to-archos/index.aspx,avs-video-converter/index.aspx,+,+,+,+,+
avs-video-to-blackberry/index.aspx,avs-video-converter/index.aspx,+,+,+,+,+
avs-video-to-flash/index.aspx,avs-video-converter/index.aspx,+,+,+,+,+
avs-video-to-go/index.aspx,avs-video-converter/index.aspx,+,+,+,+,+
avs-video-to-ipod/index.aspx,avs-video-converter/index.aspx,+,+,+,+,+
avs-video-to-playstation/index.aspx,avs-video-converter/index.aspx,+,+,+,+,+
avs-video-to-psp/index.aspx,avs-video-converter/index.aspx,+,+,+,+,+
avs-video-to-xbox/index.aspx,avs-video-converter/index.aspx,+,+,+,+,+
avs-youtube-uploader/index.aspx,index.aspx,+,+,+,+,+
