source,en,de,es,fr,it,jp,ru
how-can-i-make-an-mpeg-4-compatible-cd-divx-or-xvid.aspx,make-mpeg-compatible-cd-divx-xvid.aspx,+,+,+,+,+,+
how-to-add-certain-e-mail-address-to-black-white-list.aspx,index.aspx,+,+,+,+,+,+
how-to-apply-an-effect-to-your-video.aspx,apply-effect-to-video.aspx,+,+,+,+,+,+
how-to-burn-movies-to-dvd.aspx,burn-video-to-dvd.aspx,+,+,+,+,+,+
how-to-burn-movies-to-dvd-vcd-svcd.aspx,burn-video-to-dvd.aspx,+,+,+,+,+,+
how-to-burn-video-to-dvd.aspx,burn-video-to-dvd.aspx,+,+,+,+,+,+
how-to-convert-between-all-popular-video-formats.aspx,convert-video-formats.aspx,+,+,+,+,+,+
how-to-convert-dvd-episodes-into-separate-files.aspx,convert-dvd-episodes-separate-files.aspx,+,+,+,+,+,+
how-to-convert-from-pal-into-ntsc-color-system.aspx,convert-pal-ntsc.aspx,+,+,+,+,+,+
how-to-convert-vhs-tapes-to-dvd-format.aspx,index.aspx,+,+,+,+,+,+
how-to-convert-video-and-upload-it-to-a-portable.aspx,index.aspx,+,+,+,+,+,+
how-to-convert-video-to-3gp-or-mp4-mobile-phone-format.aspx,convert-video-mp4-3gp-mobile-format.aspx,+,+,+,+,+,+
how-to-convert-video-to-apple-ipod-video-mp4-format.aspx,convert-video-mp4-format.aspx,+,+,+,+,+,+
how-to-convert-video-to-divx-xvid-avi-mpeg-wmv-mov.aspx,convert-video-to-avi-mpeg-mov-divx.aspx,+,+,+,+,+,+
how-to-convert-video-to-divx-xvid-avi-mpeg-wmv-mov-rm.aspx,convert-video-to-avi-mpeg-mov-divx.aspx,+,+,+,+,+,+
how-to-convert-video-to-dvd-and-create-your-own-dvd-menu.aspx,burn-video-to-dvd.aspx,+,+,+,+,+,+
how-to-convert-video-to-other-portable-video-players.aspx,convert-video-portable-players.aspx,+,+,+,+,+,+
how-to-convert-video-to-sony-psp-video-mp4-format.aspx,convert-video-psp-mp4-format.aspx,+,+,+,+,+,+
how-to-convert-video-with-subtitles.aspx,convert-video-subtitles.aspx,+,+,+,+,+,+
how-to-copy-dvd-to-dvd-and-shrink-dvd9-to-one-dvd5.aspx,index.aspx,+,+,+,+,+,+
how-to-create-a-menu-for-your-dvd-using-avs-video-remaker.aspx,index.aspx,+,+,+,+,+,+
how-to-create-dvd-with-menu-from-home-videos.aspx,index.aspx,+,+,+,+,+,+
how-to-create-video-for-a-web-page.aspx,index.aspx,+,+,+,+,+,+
how-to-cut-out-unnecessary-scenes-without-reconversion.aspx,how-to-cut-out-unnecessary-scenes-without-re-encoding.aspx,+,+,+,+,/,/
how-to-delete-a-part-of-a-video.aspx,delete-part-of-video.aspx,+,+,+,+,+,+
how-to-exchange-files-between-two-ipods.aspx,index.aspx,+,+,+,+,+,+
how-to-extract-audio-from-a-video-file.aspx,extract-audio-from-video.aspx,+,+,+,+,+,+
how-to-extract-audio-from-youtube-video-and-burn-a-cd.aspx,index.aspx,+,+,+,+,+,+
how-to-extract-audio-from-youtube-video-and-upload-it-to-a-portable.aspx,index.aspx,+,+,+,+,+,+
how-to-get-information-on-all-your-network-connections-and-statistics.aspx,index.aspx,+,+,+,+,+,+
how-to-guard-your-children-against-visiting-non-trusted-web-sites.aspx,index.aspx,+,+,+,+,+,+
how-to-perform-multi-pass-conversion-with-avs-video-converter.aspx,multi-pass-conversion.aspx,+,+,+,+,+,+
how-to-place-two-videos-on-a-single-page.aspx,index.aspx,+,+,+,+,+,+
how-to-place-video-onto-my-web-page.aspx,index.aspx,+,+,+,+,+,+
how-to-playback-dvds-using-avs-dvd-player.aspx,how-to-playback-video-files-using-avs-media-player.aspx,+,+,+,+,/,/
how-to-playback-video-files-using-avs-dvd-player.aspx,how-to-playback-video-files-using-avs-media-player.aspx,+,+,+,+,/,/
how-to-prevent-your-pc-from-non-trusted-network-connections.aspx,index.aspx,+,+,+,+,+,+
how-to-record-audio-using-stereo-mix.aspx,index.aspx,+,+,+,+,+,+
how-to-reduce-the-source-video-file-size-using-avs-video-converter.aspx,reduce-video-file-size.aspx,+,+,+,+,+,+
how-to-register-a-youtube-account-and-use-it-with-avs-youtube-uploader.aspx,index.aspx,+,+,+,+,+,+
how-to-rip-dvd-to-3gp-or-mp4-mobile-phone-format.aspx,convert-video-mp4-3gp-mobile-format.aspx,+,+,+,+,+,+
how-to-rip-dvd-to-apple-ipod-video-mp4-format.aspx,convert-video-mp4-format.aspx,+,+,+,+,+,+
how-to-rip-dvd-to-divx-xvid-avi-mpeg-wmv-mov-rm.aspx,convert-video-to-avi-mpeg-mov-divx.aspx,+,+,+,+,+,+
how-to-rip-dvd-to-other-portable-video-players.aspx,convert-video-portable-players.aspx,+,+,+,+,+,+
how-to-rip-dvd-to-sony-psp-video-mp4-format.aspx,convert-video-psp-mp4-format.aspx,+,+,+,+,+,+
how-to-rip-old-home-tapes.aspx,index.aspx,+,+,+,+,+,+
how-to-rip-old-tapes-and-vinyl-discs.aspx,index.aspx,+,+,+,+,+,+
how-to-save-the-project-and-the-video-in-avs-video-editor.aspx,how-to-save-the-project-and-video-in-avs-video-editor.aspx,+,+,+,+,+,+
how-to-split-a-dvd-into-chapters.aspx,split-dvd-into-chapters.aspx,+,+,+,+,+,+
how-to-upload-files-from-mobile-phone-to-ipod.aspx,index.aspx,+,+,+,+,+,+
portable.aspx,index.aspx,+,+,+,+,+,+
web.aspx,index.aspx,+,+,+,+,+,+
audio.aspx,-,-,-,-,-,-,index.aspx
convert-pdf-docx.aspx,-,-,-,-,-,-,index.aspx
disc.aspx,-,-,-,-,-,-,index.aspx
how-to-add-logo-to-a-group-of-images.aspx,-,-,-,-,-,-,index.aspx
how-to-add-watermark-to-your-documents.aspx,-,-,-,-,-,-,index.aspx
how-to-amplify-sound-with-audio-editor.aspx,-,-,-,-,-,-,index.aspx
how-to-apply-an-effect-to-images-and-convert-them-to-another-format.aspx,-,-,-,-,-,-,index.aspx
how-to-avoid-the-loss-of-some-image-areas-while-resizing.aspx,-,-,-,-,-,-,index.aspx
how-to-backup-and-restore-registry-with-avs-registry-cleaner.aspx,-,-,-,-,-,-,index.aspx
how-to-clean-computer-registry-with-avs-registry-cleaner.aspx,-,-,-,-,-,-,index.aspx
how-to-clone-parts-of-an-image-using-the-retouch-tool.aspx,-,-,-,-,-,-,index.aspx
how-to-convert-between-audio-formats.aspx,-,-,-,-,-,-,index.aspx
how-to-convert-doc-docx-to-pdf.aspx,-,-,-,-,-,-,index.aspx
how-to-convert-documents-to-html.aspx,-,-,-,-,-,-,index.aspx
how-to-convert-documents.aspx,-,-,-,-,-,-,index.aspx
how-to-convert-images-to-pdf-format.aspx,-,-,-,-,-,-,index.aspx
how-to-convert-images.aspx,-,-,-,-,-,-,index.aspx
how-to-create-a-disc-menu-using-avs-video-remaker.aspx,-,-,-,-,-,-,index.aspx
how-to-create-a-ringtone-with-avs-audio-editor.aspx,-,-,-,-,-,-,index.aspx
how-to-create-an-audio-cd-from-different-audio-formats.aspx,-,-,-,-,-,-,index.aspx
how-to-create-audio-books-using-avs-audio-converter.aspx,-,-,-,-,-,-,index.aspx
how-to-create-ringtone-for-device.aspx,-,-,-,-,-,-,index.aspx
how-to-cut-out-unnecessary-scenes-without-re-encoding.aspx,-,-,-,-,-,-,index.aspx
how-to-edit-audio-of-a-video-file.aspx,-,-,-,-,-,-,index.aspx
how-to-edit-individual-channels-with-avs-audio-editor.aspx,-,-,-,-,-,-,index.aspx
how-to-edit-raw-files.aspx,-,-,-,-,-,-,index.aspx
how-to-extract-audio-with-audio-converter.aspx,-,-,-,-,-,-,index.aspx
how-to-fix-pc-errors-with-avs-registry-cleaner.aspx,-,-,-,-,-,-,index.aspx
how-to-keep-the-original-landscape-or-portrait-orientation-while-resizing.aspx,-,-,-,-,-,-,index.aspx
how-to-make-a-black-and-white-photo-from-a-color-one.aspx,-,-,-,-,-,-,index.aspx
how-to-make-audio-fit-the-necessary-size.aspx,-,-,-,-,-,-,index.aspx
how-to-merge-several-audio-tracks-into-one-file.aspx,-,-,-,-,-,-,index.aspx
how-to-merge-several-video-files.aspx,-,-,-,-,-,-,index.aspx
how-to-mute-vuvuzela-horns.aspx,-,-,-,-,-,-,index.aspx
how-to-normalize-volume-level-for-a-group-of-audio-tracks.aspx,-,-,-,-,-,-,index.aspx
how-to-playback-video-files-using-avs-media-player.aspx,-,-,-,-,-,-,index.aspx
how-to-protect-your-documents-with-a-password.aspx,-,-,-,-,-,-,index.aspx
how-to-record-audio-from-microphone.aspx,-,-,-,-,-,-,index.aspx
how-to-record-music-with-avs-audio-editor.aspx,-,-,-,-,-,-,index.aspx
how-to-record-voice-over-an-audio-track-using-avs-audio-editor.aspx,-,-,-,-,-,-,index.aspx
how-to-remove-red-eyes-from-a-photo.aspx,-,-,-,-,-,-,index.aspx
how-to-split-an-audio-file-into-separate-tracks.aspx,-,-,-,-,-,-,index.aspx
how-to-split-video-using-avs-video-remaker.aspx,-,-,-,-,-,-,index.aspx
how-to-use-audio-effects-in-audio-file.aspx,-,-,-,-,-,-,index.aspx
how-to-write-video-dvd-folder-to-dvd.aspx,-,-,-,-,-,-,index.aspx
how-to-edit-dvd-video-with-avs-video-remaker.aspx,-,-,-,-,-,-,index.aspx
image.aspx,-,-,-,-,-,-,index.aspx
office.aspx,-,-,-,-,-,-,index.aspx
system.aspx,-,-,-,-,-,-,index.aspx